<?xml version="1.0" encoding="UTF-8"?>
<project-private xmlns="http://www.netbeans.org/ns/project-private/1">
    <editor-bookmarks xmlns="http://www.netbeans.org/ns/editor-bookmarks/2" lastBookmarkId="0"/>
    <open-files xmlns="http://www.netbeans.org/ns/projectui-open-files/2">
        <group>
            <file>file:/C:/Users/SULTAN%20SHIPUT/Documents/NetBeansProjects/Menampilkan%20Nama/src/UTS_Selamatdatang/UTS_Selamatdatang.java</file>
            <file>file:/C:/Users/SULTAN%20SHIPUT/Documents/NetBeansProjects/Menampilkan%20Nama/src/UTS_Selamatdatang/NewJFrame.java</file>
        </group>
    </open-files>
</project-private>
